Top Load Washer,1008.9395064541961
Top Load Washer,1008.9395064541961
Top Load Washer,1008.9395064541961
Top Load Washer,1008.9395064541961
Top Load Washer,1008.9395064541961
Top Load Washer,1008.9395064541961
Top Load Washer,1008.9395064541961
Inverter AC (1.5 Ton),1008.9395064541961
Inverter AC (1.5 Ton),1008.9395064541961
Top Load Washer,1008.9395064541961
Tesla Wall Connector,1008.9395064541961
Inverter AC (1.5 Ton),1008.9395064541961
Top Load Washer,1008.9395064541961
Smart Fridge,1008.9395064541961
